utc_iso,relative_s,volt_V
2025-07-24T06:10:28.772,0.0,-1.427985347985348
2025-07-24T06:10:28.821,0.053229799999826355,-1.4529670329670328
2025-07-24T06:10:28.821,0.05325429999993503,-1.436043956043956
2025-07-24T06:10:28.821,0.053571800000099756,-1.4376556776556777
2025-07-24T06:10:28.821,0.05359779999980674,-1.435238095238095
2025-07-24T06:10:28.821,0.05382590000044729,-1.443296703296703
2025-07-24T06:10:28.821,0.053850299999794515,-1.4465201465201465
2025-07-24T06:10:28.821,0.054181299999982,-1.469084249084249
2025-07-24T06:10:28.854,0.08295920000000478,-1.4328205128205127
2025-07-24T06:10:28.854,0.08563570000023901,-1.4449084249084247
2025-07-24T06:10:28.854,0.08866320000015548,-1.4336263736263737
2025-07-24T06:10:28.854,0.08912560000044323,-1.443296703296703
2025-07-24T06:10:28.870,0.09753569999975298,-1.4537728937728938
2025-07-24T06:10:28.879,0.10144430000036664,-1.4384615384615385
2025-07-24T06:10:28.918,0.11250100000052043,-1.4295970695970694
2025-07-24T06:10:28.935,0.1298690000003262,-1.4465201465201465
2025-07-24T06:10:28.935,0.13370579999991605,-1.4739194139194138
2025-07-24T06:10:28.935,0.1686717000002318,-1.4207326007326007
2025-07-24T06:10:28.935,0.1701258000002781,-1.432014652014652
2025-07-24T06:10:28.935,0.1704399000000194,-1.4513553113553113
2025-07-24T06:10:28.935,0.17047139999976935,-1.423956043956044
2025-07-24T06:10:28.935,0.17053050000049552,-1.427179487179487
2025-07-24T06:10:28.935,0.18523910000021715,-1.4497435897435897
2025-07-24T06:10:28.935,0.1855892000003223,-1.411062271062271
2025-07-24T06:10:29.061,0.20261550000032003,-1.4827838827838828
2025-07-24T06:10:29.061,0.20272860000022774,-1.4457142857142857
2025-07-24T06:10:29.071,0.21538700000019162,-1.44007326007326
2025-07-24T06:10:29.071,0.2154716000004555,-1.448131868131868
2025-07-24T06:10:29.080,0.2213502000004155,-1.448131868131868
2025-07-24T06:10:29.080,0.23041170000033162,-1.4094505494505494
2025-07-24T06:10:29.084,0.23809280000023136,-1.4263736263736264
2025-07-24T06:10:29.084,0.24422560000039084,-1.4102564102564104
2025-07-24T06:10:29.084,0.2512231000000611,-1.2273260073260073
2025-07-24T06:10:29.084,0.25965960000030464,-1.4457142857142857
2025-07-24T06:10:29.084,0.2792724000000817,-1.3933333333333333
2025-07-24T06:10:29.084,0.2793485000001965,-1.4465201465201465
2025-07-24T06:10:29.085,0.2885980000000927,-1.4408791208791207
2025-07-24T06:10:29.090,0.31055689999993774,-1.4263736263736264
2025-07-24T06:10:29.090,0.31414610000047105,-1.443296703296703
2025-07-24T06:10:29.090,0.31416989999979705,-1.2643956043956044
2025-07-24T06:10:29.090,0.3212525999997524,-1.228937728937729
2025-07-24T06:10:29.090,0.3280952000004618,-1.476336996336996
2025-07-24T06:10:29.090,0.3324278999998569,-1.3288644688644689
2025-07-24T06:10:29.090,0.34467620000032184,-1.4102564102564104
2025-07-24T06:10:29.090,0.3514481000001979,-1.4215384615384614
2025-07-24T06:10:29.120,0.3573765999999523,-1.4223443223443224
2025-07-24T06:10:29.132,0.36453720000008616,-1.435238095238095
2025-07-24T06:10:29.145,0.3737948999996661,-1.448131868131868
2025-07-24T06:10:29.154,0.3800700000001598,-1.2797069597069597
2025-07-24T06:10:29.165,0.3877125999997588,-1.461025641025641
2025-07-24T06:10:29.165,0.39674770000056014,-1.4287912087912087
2025-07-24T06:10:29.166,0.40643530000033934,-1.4376556776556777
2025-07-24T06:10:29.166,0.41655439999976807,-1.2748717948717947
2025-07-24T06:10:29.272,0.5105180999998993,-1.4634432234432233
2025-07-24T06:10:29.272,0.5106477999997878,-1.4376556776556777
2025-07-24T06:10:29.272,0.5106713000004675,-1.4529670329670328
2025-07-24T06:10:29.272,0.5108341000004657,-1.439267399267399
2025-07-24T06:10:29.272,0.5108589000001302,-1.4497435897435897
2025-07-24T06:10:29.272,0.5109013999999661,-1.4384615384615385
2025-07-24T06:10:29.272,0.5109207000004972,-1.2265201465201463
2025-07-24T06:10:29.272,0.5109314999999697,-1.5037362637362635
2025-07-24T06:10:29.272,0.5109413000000131,-1.444102564102564
2025-07-24T06:10:29.272,0.5109522000002471,-1.443296703296703
2025-07-24T06:10:29.272,0.5109619000004386,-1.4505494505494505
2025-07-24T06:10:29.282,0.516805100000056,-1.4449084249084247
2025-07-24T06:10:29.295,0.5243219000003592,-1.44007326007326
2025-07-24T06:10:29.318,0.5393678999998883,-1.4207326007326007
2025-07-24T06:10:29.318,0.5396122000001924,-1.4255677655677654
2025-07-24T06:10:29.319,0.5659568000000945,-1.444102564102564
2025-07-24T06:10:29.319,0.5689116000003196,-1.4287912087912087
2025-07-24T06:10:29.319,0.5689363000001322,-1.4674725274725273
2025-07-24T06:10:29.319,0.5690358000001652,-1.423150183150183
2025-07-24T06:10:29.349,0.5862832000002527,-1.456190476190476
2025-07-24T06:10:29.349,0.586310599999706,-1.4408791208791207
2025-07-24T06:10:29.360,0.593514099999993,-1.4424908424908425
2025-07-24T06:10:29.398,0.6535997000000862,-1.4336263736263737
2025-07-24T06:10:29.398,0.653849899999841,-1.448131868131868
2025-07-24T06:10:29.398,0.6538738999997804,-1.4368498168498167
2025-07-24T06:10:29.398,0.6539105000001655,-1.2128205128205127
2025-07-24T06:10:29.398,0.6565244000003077,-1.444102564102564
2025-07-24T06:10:29.398,0.6598044000002119,-1.4513553113553113
2025-07-24T06:10:29.398,0.6598382000001948,-1.4336263736263737
2025-07-24T06:10:29.398,0.6599446000000171,-1.44007326007326
2025-07-24T06:10:29.428,0.6647573000000193,-1.439267399267399
2025-07-24T06:10:29.439,0.6720768000004682,-1.4505494505494505
2025-07-24T06:10:29.449,0.6785872999998901,-1.444102564102564
2025-07-24T06:10:29.461,0.6867078000004767,-1.4247619047619047
2025-07-24T06:10:29.474,0.6951429000000644,-1.427985347985348
2025-07-24T06:10:29.474,0.7220016999999643,-1.4183150183150184
2025-07-24T06:10:29.474,0.7220292000001791,-1.3893040293040293
2025-07-24T06:10:29.474,0.7225418999996691,-1.4658608058608058
2025-07-24T06:10:29.505,0.7420713000001342,-1.444102564102564
2025-07-24T06:10:29.505,0.7421968999997262,-1.443296703296703
2025-07-24T06:10:29.547,0.7689550000004601,-1.4078388278388276
2025-07-24T06:10:29.547,0.7689797000002727,-1.439267399267399
2025-07-24T06:10:29.547,0.7690973999997368,-1.4376556776556777
2025-07-24T06:10:29.552,0.7814159999998083,-1.4304029304029304
2025-07-24T06:10:29.552,0.7814416000001074,-1.4505494505494505
2025-07-24T06:10:29.552,0.7949272000005294,-1.2305494505494503
2025-07-24T06:10:29.552,0.7981526000003214,-1.4497435897435897
2025-07-24T06:10:29.552,0.814874100000452,-1.44007326007326
2025-07-24T06:10:29.583,0.8157885000000533,-1.4118681318681316
2025-07-24T06:10:29.583,0.8160617000003185,-1.4513553113553113
2025-07-24T06:10:29.594,0.8278873999997813,-1.432014652014652
2025-07-24T06:10:29.612,0.8380717000000004,-1.4126739926739926
2025-07-24T06:10:29.612,0.8380944000000454,-1.443296703296703
2025-07-24T06:10:29.623,0.8468222999999853,-1.439267399267399
2025-07-24T06:10:29.630,0.8598873999999341,-1.4489377289377288
2025-07-24T06:10:29.630,0.8621242999997776,-1.435238095238095
2025-07-24T06:10:29.630,0.8676906999999119,-1.4545787545787545
2025-07-24T06:10:29.630,0.8835029000001668,-1.4376556776556777
2025-07-24T06:10:29.660,0.8940578000001551,-1.4416849816849817
2025-07-24T06:10:29.660,0.8973885000004884,-1.4513553113553113
2025-07-24T06:10:29.680,0.909898200000498,-1.435238095238095
2025-07-24T06:10:29.684,0.9118493000005401,-1.4183150183150184
2025-07-24T06:10:29.702,0.9225400000004811,-1.2426373626373626
2025-07-24T06:10:29.707,0.9260807999999088,-1.3240293040293039
2025-07-24T06:10:29.707,0.9514811999997619,-1.4384615384615385
2025-07-24T06:10:29.707,0.951506899999913,-1.4384615384615385
2025-07-24T06:10:29.707,0.9517517000003863,-1.241025641025641
2025-07-24T06:10:29.707,0.9580941000003804,-1.4803663003663001
2025-07-24T06:10:29.707,0.9667434000002686,-1.419120879120879
2025-07-24T06:10:29.738,0.9747065999999904,-1.4158974358974357
2025-07-24T06:10:29.749,0.9825681000002078,-1.411062271062271
2025-07-24T06:10:29.771,0.9941336000001684,-1.4497435897435897
2025-07-24T06:10:29.775,0.9982847999999649,-1.436043956043956
2025-07-24T06:10:29.788,1.0051696999998967,-1.4843956043956044
2025-07-24T06:10:29.788,1.0120107000002463,-1.4465201465201465
2025-07-24T06:10:29.788,1.0382126000004064,-1.4408791208791207
2025-07-24T06:10:29.788,1.0382386000001134,-1.4594139194139193
2025-07-24T06:10:29.876,1.0897964000005231,-1.531135531135531
2025-07-24T06:10:29.876,1.0915862000001653,-1.4465201465201465
2025-07-24T06:10:29.876,1.0918652000000293,-1.439267399267399
2025-07-24T06:10:29.876,1.0923511999999391,-1.4473260073260072
2025-07-24T06:10:29.876,1.0923898000000918,-1.4578021978021978
2025-07-24T06:10:29.876,1.0924065999997765,-1.4054212454212454
2025-07-24T06:10:29.876,1.0924196000005395,-1.452161172161172
2025-07-24T06:10:29.876,1.0964383000000453,-1.4497435897435897
2025-07-24T06:10:29.876,1.0999496000004,-1.4376556776556777
2025-07-24T06:10:29.876,1.121708800000306,-1.627032967032967
2025-07-24T06:10:29.876,1.124323099999856,-1.436043956043956
2025-07-24T06:10:29.876,1.1282114000005095,-1.448131868131868
2025-07-24T06:10:29.876,1.1315302000002703,-1.3868864468864468
2025-07-24T06:10:29.910,1.1440819999997984,-1.419120879120879
2025-07-24T06:10:29.923,1.1524920000001657,-1.4513553113553113
2025-07-24T06:10:29.930,1.1559250000000247,-1.3707692307692305
2025-07-24T06:10:29.947,1.1687895000004573,-1.4449084249084247
2025-07-24T06:10:29.953,1.1733592999999019,-1.4465201465201465
2025-07-24T06:10:29.958,1.1810763000003135,-1.4207326007326007
2025-07-24T06:10:29.958,1.1907855999997992,-1.5714285714285714
2025-07-24T06:10:29.958,1.1983619000002363,-1.4215384615384614
2025-07-24T06:10:29.959,1.2056011000004219,-1.4416849816849817
2025-07-24T06:10:30.001,1.2339836000001014,-1.423150183150183
2025-07-24T06:10:30.001,1.2340107999998509,-1.465054945054945
2025-07-24T06:10:30.008,1.237036700000317,-1.4626373626373625
2025-07-24T06:10:30.026,1.2500016000003598,-1.4255677655677654
2025-07-24T06:10:30.032,1.2536262000003262,-1.436043956043956
2025-07-24T06:10:30.032,1.2536535999997795,-1.3602930402930402
2025-07-24T06:10:30.038,1.2761379000003217,-1.4368498168498167
2025-07-24T06:10:30.038,1.2762456999998903,-1.4287912087912087
2025-07-24T06:10:30.038,1.2769227999997383,-1.4215384615384614
2025-07-24T06:10:30.038,1.2863016999999672,-1.3893040293040293
2025-07-24T06:10:30.038,1.2942797000005157,-1.3602930402930402
2025-07-24T06:10:30.069,1.3055442000004405,-1.44007326007326
2025-07-24T06:10:30.076,1.3101136000004772,-1.4505494505494505
2025-07-24T06:10:30.098,1.3243829000002734,-1.4263736263736264
2025-07-24T06:10:30.117,1.335863999999674,-1.448131868131868
2025-07-24T06:10:30.117,1.3361304999998538,-1.4158974358974357
2025-07-24T06:10:30.117,1.372635700000501,-1.44007326007326
2025-07-24T06:10:30.117,1.375358100000085,-1.432014652014652
2025-07-24T06:10:30.117,1.3788304999998218,-1.443296703296703
2025-07-24T06:10:30.150,1.3817310000004,-1.4529670329670328
2025-07-24T06:10:30.150,1.381754799999726,-1.4408791208791207
2025-07-24T06:10:30.150,1.3817681999998968,-1.4408791208791207
2025-07-24T06:10:30.161,1.3914394000003085,-1.4328205128205127
2025-07-24T06:10:30.186,1.4081009000001359,-1.4142857142857144
2025-07-24T06:10:30.186,1.4084977000002254,-1.2869597069597067
2025-07-24T06:10:30.191,1.4113306999997803,-1.4497435897435897
2025-07-24T06:10:30.198,1.432307099999889,-1.4408791208791207
2025-07-24T06:10:30.198,1.4324499000003925,-1.4497435897435897
2025-07-24T06:10:30.198,1.4389496000003419,-1.2732600732600732
2025-07-24T06:10:30.198,1.4468650999997408,-1.2587545787545786
2025-07-24T06:10:30.237,1.469756100000268,-1.39010989010989
2025-07-24T06:10:30.237,1.4705242999998518,-1.4674725274725273
2025-07-24T06:10:30.237,1.4705449000002773,-1.4537728937728938
2025-07-24T06:10:30.248,1.4788496999999552,-1.432014652014652
2025-07-24T06:10:30.278,1.5160453999997117,-1.436043956043956
2025-07-24T06:10:30.278,1.5160709000001589,-1.4489377289377288
2025-07-24T06:10:30.278,1.5162440000003699,-1.4336263736263737
2025-07-24T06:10:30.278,1.5162669999999707,-1.4295970695970694
2025-07-24T06:10:30.278,1.5163399000002755,-1.452161172161172
2025-07-24T06:10:30.278,1.5279805000000124,-1.4465201465201465
2025-07-24T06:10:30.278,1.5346409000003405,-1.4513553113553113
2025-07-24T06:10:30.355,1.5748413999999684,-1.444102564102564
2025-07-24T06:10:30.355,1.574982799999816,-1.4489377289377288
2025-07-24T06:10:30.355,1.5750035999999454,-1.427985347985348
2025-07-24T06:10:30.355,1.575061900000037,-1.4384615384615385
2025-07-24T06:10:30.355,1.5750856000004205,-1.4344322344322344
2025-07-24T06:10:30.355,1.5819471000004341,-1.2458608058608056
2025-07-24T06:10:30.355,1.5926651999998285,-1.4336263736263737
2025-07-24T06:10:30.355,1.5990676000001258,-1.4489377289377288
2025-07-24T06:10:30.355,1.6126105000003008,-1.4336263736263737
2025-07-24T06:10:30.356,1.6147720999997546,-1.461025641025641
2025-07-24T06:10:30.413,1.6395733999997901,-1.3925274725274723
2025-07-24T06:10:30.413,1.639598400000068,-1.4416849816849817
2025-07-24T06:10:30.413,1.6397146999997858,-1.4328205128205127
2025-07-24T06:10:30.416,1.6445794000001115,-1.4070329670329669
2025-07-24T06:10:30.435,1.6640681999997469,-1.4457142857142857
2025-07-24T06:10:30.435,1.6641785000001619,-1.2547252747252746
2025-07-24T06:10:30.435,1.6705680000004577,-1.4384615384615385
2025-07-24T06:10:30.435,1.6871953999998368,-1.4344322344322344
2025-07-24T06:10:30.435,1.6901028000002043,-1.448131868131868
2025-07-24T06:10:30.435,1.6938809000002948,-1.4553846153846153
2025-07-24T06:10:30.465,1.7025067000004128,-1.295018315018315
2025-07-24T06:10:30.489,1.7180660000003627,-1.435238095238095
2025-07-24T06:10:30.496,1.72160200000053,-1.4489377289377288
2025-07-24T06:10:30.506,1.7289619000002858,-1.4674725274725273
2025-07-24T06:10:30.513,1.7720572999996875,-1.2789010989010987
2025-07-24T06:10:30.513,1.7720822999999655,-1.4336263736263737
2025-07-24T06:10:30.513,1.7721209000001181,-1.4295970695970694
2025-07-24T06:10:30.513,1.7721441000003324,-1.4586080586080585
2025-07-24T06:10:30.513,1.7723433999999543,-1.435238095238095
2025-07-24T06:10:30.513,1.7723696000002747,-1.4175091575091574
2025-07-24T06:10:30.574,1.8003699999999299,-1.4336263736263737
2025-07-24T06:10:30.574,1.8006242999999813,-1.468278388278388
2025-07-24T06:10:30.574,1.8006481000002168,-1.4384615384615385
2025-07-24T06:10:30.581,1.8045889000004536,-1.465054945054945
2025-07-24T06:10:30.593,1.8249323000000004,-1.4287912087912087
2025-07-24T06:10:30.593,1.825192500000412,-1.4489377289377288
2025-07-24T06:10:30.593,1.8280350000004546,-1.461025641025641
2025-07-24T06:10:30.593,1.8377903000000515,-1.2724542124542124
2025-07-24T06:10:30.593,1.8478125000001455,-1.19992673992674
2025-07-24T06:10:30.593,1.8545718000004854,-1.435238095238095
2025-07-24T06:10:30.629,1.8632845000001907,-1.443296703296703
2025-07-24T06:10:30.641,1.8713800000004994,-1.431208791208791
2025-07-24T06:10:30.651,1.8783934000002773,-1.4449084249084247
2025-07-24T06:10:30.663,1.8862318000001324,-1.439267399267399
2025-07-24T06:10:30.670,1.893849500000215,-1.4505494505494505
2025-07-24T06:10:30.670,1.90584889999991,-1.4344322344322344
2025-07-24T06:10:30.670,1.9093438999998398,-1.432014652014652
2025-07-24T06:10:30.749,1.9729655000001003,-1.4344322344322344
2025-07-24T06:10:30.749,1.9729919000001246,-1.4424908424908425
2025-07-24T06:10:30.749,1.9730774999998175,-1.4304029304029304
2025-07-24T06:10:30.749,1.9731001000000106,-1.439267399267399
2025-07-24T06:10:30.749,1.976278199999797,-1.4505494505494505
2025-07-24T06:10:30.749,1.9767007999998896,-1.427179487179487
2025-07-24T06:10:30.749,1.9775896000001012,-1.4505494505494505
2025-07-24T06:10:30.749,1.9787249999999403,-1.444102564102564
2025-07-24T06:10:30.749,1.9834018000001379,-1.436043956043956
2025-07-24T06:10:30.749,1.989741800000047,-1.4295970695970694
2025-07-24T06:10:30.750,2.00258440000016,-1.432014652014652
2025-07-24T06:10:30.750,2.008754399999816,-1.444102564102564
2025-07-24T06:10:30.781,2.0145081999999093,-1.3933333333333333
2025-07-24T06:10:30.787,2.021426100000099,-1.4368498168498167
2025-07-24T06:10:30.811,2.0362878000005367,-1.431208791208791
2025-07-24T06:10:30.811,2.0374627999999575,-1.4255677655677654
2025-07-24T06:10:30.822,2.0445153999999093,-1.4529670329670328
2025-07-24T06:10:30.829,2.05744550000054,-1.435238095238095
2025-07-24T06:10:30.829,2.0799284000004263,-1.436043956043956
2025-07-24T06:10:30.829,2.082516000000396,-1.4489377289377288
2025-07-24T06:10:30.829,2.0854606000002605,-1.4416849816849817
2025-07-24T06:10:30.829,2.0897377000001143,-1.4586080586080585
2025-07-24T06:10:30.859,2.0959970000003523,-1.435238095238095
2025-07-24T06:10:30.885,2.1123003000002427,-1.4344322344322344
2025-07-24T06:10:30.885,2.1124423999999635,-1.444102564102564
2025-07-24T06:10:30.901,2.122315300000082,-1.432014652014652
2025-07-24T06:10:30.906,2.1250175000004674,-1.41992673992674
2025-07-24T06:10:30.906,2.1392304999999396,-1.477142857142857
2025-07-24T06:10:30.906,2.145505100000264,-1.4336263736263737
2025-07-24T06:10:30.907,2.168655800000124,-1.435238095238095
2025-07-24T06:10:30.938,2.168933900000411,-1.4416849816849817
2025-07-24T06:10:30.944,2.179222700000537,-1.4295970695970694
2025-07-24T06:10:30.950,2.1821090000003096,-1.4384615384615385
2025-07-24T06:10:30.950,2.182131499999741,-1.4070329670329669
2025-07-24T06:10:30.967,2.19247390000055,-1.432014652014652
2025-07-24T06:10:30.972,2.195247300000119,-1.431208791208791
2025-07-24T06:10:30.985,2.203797299999678,-1.4497435897435897
2025-07-24T06:10:30.985,2.2145181000005323,-1.4457142857142857
2025-07-24T06:10:30.985,2.2246360999997705,-1.4553846153846153
2025-07-24T06:10:30.985,2.228735499999857,-1.2797069597069597
2025-07-24T06:10:31.023,2.256002300000546,-1.435238095238095
2025-07-24T06:10:31.023,2.2561389000002237,-1.4489377289377288
2025-07-24T06:10:31.023,2.2573468999999022,-1.4336263736263737
2025-07-24T06:10:31.033,2.2642117000004873,-1.444102564102564
2025-07-24T06:10:31.058,2.28032230000008,-1.3643223443223442
2025-07-24T06:10:31.064,2.2819265999996787,-1.4852014652014651
2025-07-24T06:10:31.064,2.283906399999978,-1.456190476190476
2025-07-24T06:10:31.064,2.292432400000507,-1.4513553113553113
2025-07-24T06:10:31.064,2.3041792000003625,-1.4304029304029304
2025-07-24T06:10:31.064,2.313494400000309,-1.444102564102564
2025-07-24T06:10:31.065,2.320073300000331,-1.436043956043956
2025-07-24T06:10:31.065,2.32648380000046,-1.4715018315018313
2025-07-24T06:10:31.102,2.3361148000003595,-1.4787545787545788
2025-07-24T06:10:31.142,2.3693253000001278,-1.36996336996337
2025-07-24T06:10:31.142,2.3693506999998135,-1.4368498168498167
2025-07-24T06:10:31.142,2.369533600000068,-1.2829304029304027
2025-07-24T06:10:31.142,2.3699563999998645,-1.4344322344322344
2025-07-24T06:10:31.142,2.400370600000315,-1.456996336996337
2025-07-24T06:10:31.174,2.4097128000003067,-1.4940659340659341
2025-07-24T06:10:31.174,2.4097407999997813,-1.439267399267399
2025-07-24T06:10:31.174,2.4097873999999138,-1.44007326007326
2025-07-24T06:10:31.174,2.409820099999706,-1.448131868131868
2025-07-24T06:10:31.181,2.414264600000024,-1.2635897435897434
2025-07-24T06:10:31.206,2.4299302999997963,-1.3715750915750915
2025-07-24T06:10:31.223,2.4455579000004946,-1.427179487179487
2025-07-24T06:10:31.223,2.448659399999997,-1.443296703296703
2025-07-24T06:10:31.223,2.4488262000004397,-1.498901098901099
2025-07-24T06:10:31.223,2.4546589000001404,-1.423150183150183
2025-07-24T06:10:31.223,2.4609645000000455,-1.4416849816849817
2025-07-24T06:10:31.223,2.4738366000001406,-1.4328205128205127
2025-07-24T06:10:31.223,2.484117199999673,-1.3997802197802196
2025-07-24T06:10:31.255,2.492956099999901,-1.427179487179487
2025-07-24T06:10:31.255,2.4929847000003065,-1.431208791208791
2025-07-24T06:10:31.268,2.499755300000288,-1.427985347985348
2025-07-24T06:10:31.285,2.510525499999858,-1.4408791208791207
2025-07-24T06:10:31.297,2.518380900000011,-1.4376556776556777
2025-07-24T06:10:31.303,2.528602299999875,-1.4578021978021978
2025-07-24T06:10:31.303,2.531827599999815,-1.4416849816849817
2025-07-24T06:10:31.303,2.541624000000411,-1.4344322344322344
2025-07-24T06:10:31.303,2.5489555000003747,-1.4175091575091574
2025-07-24T06:10:31.303,2.5580486999997447,-1.4489377289377288
2025-07-24T06:10:31.303,2.5647995999997875,-1.4424908424908425
2025-07-24T06:10:31.359,2.586525800000345,-1.4344322344322344
2025-07-24T06:10:31.359,2.5865507999997135,-1.4578021978021978
2025-07-24T06:10:31.365,2.589449699999932,-1.4457142857142857
2025-07-24T06:10:31.375,2.597484400000212,-1.4457142857142857
2025-07-24T06:10:31.381,2.6046777999999904,-1.4175091575091574
2025-07-24T06:10:31.382,2.619826600000124,-1.3675457875457875
2025-07-24T06:10:31.382,2.620042300000023,-1.4416849816849817
2025-07-24T06:10:31.382,2.6335227999998096,-1.4505494505494505
2025-07-24T06:10:31.382,2.6371115000001737,-1.4537728937728938
2025-07-24T06:10:31.413,2.649459299999762,-1.444102564102564
2025-07-24T06:10:31.419,2.652586500000325,-1.4328205128205127
2025-07-24T06:10:31.442,2.6674205999997866,-1.4344322344322344
2025-07-24T06:10:31.448,2.672577700000147,-1.435238095238095
2025-07-24T06:10:31.461,2.703890400000091,-1.439267399267399
2025-07-24T06:10:31.461,2.7043974999996863,-1.4416849816849817
2025-07-24T06:10:31.461,2.7044183999996676,-1.4328205128205127
2025-07-24T06:10:31.461,2.706960700000309,-1.4553846153846153
2025-07-24T06:10:31.491,2.7233406000004834,-1.4513553113553113
2025-07-24T06:10:31.491,2.723647599999822,-1.4013919413919413
2025-07-24T06:10:31.510,2.740136600000369,-1.461025641025641
2025-07-24T06:10:31.517,2.7447254999997313,-1.444102564102564
2025-07-24T06:10:31.517,2.744818699999996,-1.427985347985348
2025-07-24T06:10:31.540,2.7660138999999617,-1.4457142857142857
2025-07-24T06:10:31.540,2.766037399999732,-1.4255677655677654
2025-07-24T06:10:31.540,2.766048800000135,-1.4513553113553113
2025-07-24T06:10:31.540,2.7710637000000133,-1.4384615384615385
2025-07-24T06:10:31.572,2.804217800000515,-1.439267399267399
2025-07-24T06:10:31.572,2.807457599999907,-1.448131868131868
2025-07-24T06:10:31.572,2.807860300000357,-1.4263736263736264
2025-07-24T06:10:31.602,2.8275069999999687,-1.423956043956044
2025-07-24T06:10:31.608,2.8311980999997104,-1.431208791208791
2025-07-24T06:10:31.615,2.8351454000003287,-1.4183150183150184
2025-07-24T06:10:31.620,2.8385951999998724,-1.4473260073260072
2025-07-24T06:10:31.620,2.838619600000129,-1.4376556776556777
2025-07-24T06:10:31.620,2.8460924000000887,-1.4489377289377288
2025-07-24T06:10:31.621,2.8563881999998557,-1.2877655677655677
2025-07-24T06:10:31.621,2.8632933999997476,-1.4473260073260072
2025-07-24T06:10:31.621,2.8722313999996913,-1.4328205128205127
2025-07-24T06:10:31.652,2.88298020000002,-1.4247619047619047
2025-07-24T06:10:31.689,2.911232800000107,-1.4449084249084247
2025-07-24T06:10:31.689,2.9113158000000112,-1.4384615384615385
2025-07-24T06:10:31.689,2.9113339000005,-1.435238095238095
2025-07-24T06:10:31.689,2.9113445000002685,-1.4489377289377288
2025-07-24T06:10:31.703,2.9229082000001654,-1.423150183150183
2025-07-24T06:10:31.703,2.9260767000005217,-1.4424908424908425
2025-07-24T06:10:31.703,2.94610879999982,-1.4594139194139193
2025-07-24T06:10:31.703,2.9469780999997965,-1.4497435897435897
2025-07-24T06:10:31.703,2.9530454000005193,-1.2909890109890108
2025-07-24T06:10:31.703,2.959874099999979,-1.432014652014652
2025-07-24T06:10:31.783,3.008508900000379,-1.4376556776556777
2025-07-24T06:10:31.783,3.0085331999998743,-1.278095238095238
2025-07-24T06:10:31.783,3.0091369000001578,-1.432014652014652
2025-07-24T06:10:31.783,3.0094129999997676,-1.431208791208791
2025-07-24T06:10:31.783,3.0095001999998203,-1.435238095238095
2025-07-24T06:10:31.783,3.0095241999997597,-1.444102564102564
2025-07-24T06:10:31.783,3.0153541999998197,-1.452161172161172
2025-07-24T06:10:31.783,3.022186799999872,-1.4328205128205127
2025-07-24T06:10:31.783,3.032177199999751,-1.4416849816849817
2025-07-24T06:10:31.821,3.0549422000003688,-1.3369230769230769
2025-07-24T06:10:31.821,3.05496949999997,-1.427985347985348
2025-07-24T06:10:31.821,3.0550100000000384,-1.4344322344322344
2025-07-24T06:10:31.827,3.060844100000395,-1.4376556776556777
2025-07-24T06:10:31.848,3.0711935999997877,-1.4304029304029304
2025-07-24T06:10:31.862,3.079936300000554,-1.4505494505494505
2025-07-24T06:10:31.866,3.130037699999775,-1.4457142857142857
2025-07-24T06:10:31.866,3.1301407000000836,-1.452161172161172
2025-07-24T06:10:31.866,3.1301656000005096,-1.452161172161172
2025-07-24T06:10:31.866,3.1301909000003434,-1.4457142857142857
2025-07-24T06:10:31.866,3.1302136000003884,-1.4666666666666666
2025-07-24T06:10:31.866,3.1302464000000327,-1.4183150183150184
2025-07-24T06:10:31.899,3.133562500000153,-1.4553846153846153
2025-07-24T06:10:31.918,3.146818600000188,-1.4295970695970694
2025-07-24T06:10:31.921,3.1499346999999034,-1.4384615384615385
2025-07-24T06:10:31.948,3.186051900000166,-1.431208791208791
2025-07-24T06:10:31.948,3.187249999999949,-1.4457142857142857
2025-07-24T06:10:31.948,3.1872765999996773,-1.4497435897435897
2025-07-24T06:10:31.948,3.1873193999999785,-1.4537728937728938
2025-07-24T06:10:31.948,3.2026183999996647,-1.4457142857142857
2025-07-24T06:10:31.948,3.2029303999997865,-1.44007326007326
2025-07-24T06:10:31.948,3.2084248000001026,-1.4416849816849817
2025-07-24T06:10:31.983,3.215801399999691,-1.4497435897435897
2025-07-24T06:10:31.990,3.2203836999997293,-1.4674725274725273
2025-07-24T06:10:32.003,3.2297991000004913,-1.431208791208791
2025-07-24T06:10:32.034,3.257316400000491,-1.4449084249084247
2025-07-24T06:10:32.034,3.2573386000003666,-1.4465201465201465
2025-07-24T06:10:32.034,3.257349299999987,-1.4295970695970694
2025-07-24T06:10:32.034,3.2611412000005657,-1.4328205128205127
2025-07-24T06:10:32.034,3.2707971999998335,-1.4167032967032966
2025-07-24T06:10:32.034,3.277851699999701,-1.3514285714285712
2025-07-24T06:10:32.034,3.2876097999997,-1.4368498168498167
2025-07-24T06:10:32.069,3.295250600000145,-1.4336263736263737
2025-07-24T06:10:32.069,3.301078000000416,-1.4465201465201465
2025-07-24T06:10:32.090,3.3146152999997867,-1.443296703296703
2025-07-24T06:10:32.090,3.317067400000269,-1.464249084249084
2025-07-24T06:10:32.112,3.3310425999998188,-1.436043956043956
2025-07-24T06:10:32.119,3.3536223000000973,-1.4529670329670328
2025-07-24T06:10:32.119,3.3536485000004177,-1.427179487179487
2025-07-24T06:10:32.119,3.3569016999999803,-1.4247619047619047
2025-07-24T06:10:32.119,3.36062899999979,-1.427179487179487
2025-07-24T06:10:32.119,3.3706299000004947,-1.4473260073260072
2025-07-24T06:10:32.119,3.380346599999939,-1.4408791208791207
2025-07-24T06:10:32.159,3.390115700000024,-1.436043956043956
2025-07-24T06:10:32.159,3.391358599999876,-1.4086446886446886
2025-07-24T06:10:32.202,3.4186343999999735,-1.44007326007326
2025-07-24T06:10:32.202,3.4191173999997773,-1.314358974358974
2025-07-24T06:10:32.202,3.4193561000001864,-1.44007326007326
2025-07-24T06:10:32.202,3.422984099999667,-1.4328205128205127
2025-07-24T06:10:32.202,3.432792900000095,-1.427179487179487
2025-07-24T06:10:32.202,3.4428536000004897,-1.4344322344322344
2025-07-24T06:10:32.203,3.449723100000483,-1.4408791208791207
2025-07-24T06:10:32.203,3.463397900000018,-1.3925274725274723
2025-07-24T06:10:32.203,3.463423199999852,-1.4368498168498167
2025-07-24T06:10:32.236,3.470280000000457,-1.4408791208791207
2025-07-24T06:10:32.263,3.488111100000424,-1.431208791208791
2025-07-24T06:10:32.266,3.49001700000008,-1.4465201465201465
2025-07-24T06:10:32.266,3.492597000000387,-1.4328205128205127
2025-07-24T06:10:32.285,3.5070770000002085,-1.436043956043956
2025-07-24T06:10:32.285,3.5103116000000227,-1.4449084249084247
2025-07-24T06:10:32.285,3.540123499999936,-1.4513553113553113
2025-07-24T06:10:32.285,3.5401471000004676,-1.435238095238095
2025-07-24T06:10:32.285,3.54045860000042,-1.378021978021978
2025-07-24T06:10:32.285,3.546624200000224,-1.41992673992674
2025-07-24T06:10:32.324,3.555730400000357,-1.3127472527472528
2025-07-24T06:10:32.327,3.5593438000005335,-1.439267399267399
2025-07-24T06:10:32.353,3.5753568000000087,-1.4295970695970694
2025-07-24T06:10:32.353,3.575382900000477,-1.464249084249084
2025-07-24T06:10:32.367,3.6276182000001427,-1.4513553113553113
2025-07-24T06:10:32.367,3.6276482000002943,-1.44007326007326
2025-07-24T06:10:32.367,3.6278314000001046,-1.4295970695970694
2025-07-24T06:10:32.367,3.6278737000002366,-1.431208791208791
2025-07-24T06:10:32.367,3.627955099999781,-1.4118681318681316
2025-07-24T06:10:32.367,3.6280329000001075,-1.4513553113553113
2025-07-24T06:10:32.367,3.628057500000068,-1.44007326007326
2025-07-24T06:10:32.405,3.6387713000003714,-1.4070329670329669
2025-07-24T06:10:32.418,3.647080800000367,-1.4505494505494505
2025-07-24T06:10:32.440,3.661809799999901,-1.456996336996337
2025-07-24T06:10:32.440,3.6624135000001843,-1.4626373626373625
2025-07-24T06:10:32.447,3.6957287000004726,-1.3747985347985345
2025-07-24T06:10:32.447,3.6959677000004376,-1.4408791208791207
2025-07-24T06:10:32.447,3.695988500000567,-1.4304029304029304
2025-07-24T06:10:32.447,3.696025600000212,-1.431208791208791
2025-07-24T06:10:32.527,3.7557032000004256,-1.4513553113553113
2025-07-24T06:10:32.527,3.7559173999998166,-1.436043956043956
2025-07-24T06:10:32.527,3.7559421000005386,-1.4505494505494505
2025-07-24T06:10:32.527,3.755974700000479,-1.4408791208791207
2025-07-24T06:10:32.527,3.756441900000027,-1.4328205128205127
2025-07-24T06:10:32.527,3.756462299999839,-1.468278388278388
2025-07-24T06:10:32.527,3.772041100000024,-1.4674725274725273
2025-07-24T06:10:32.527,3.7758810000004814,-1.4416849816849817
2025-07-24T06:10:32.527,3.775903400000061,-1.4473260073260072
2025-07-24T06:10:32.594,3.8177777999999307,-1.436043956043956
2025-07-24T06:10:32.608,3.8260356999999203,-1.4505494505494505
2025-07-24T06:10:32.608,3.826117200000226,-1.415091575091575
2025-07-24T06:10:32.608,3.826136900000165,-1.4513553113553113
2025-07-24T06:10:32.608,3.8261861000000863,-1.4513553113553113
2025-07-24T06:10:32.608,3.8263090000000375,-1.4537728937728938
2025-07-24T06:10:32.608,3.826335900000231,-1.4513553113553113
2025-07-24T06:10:32.608,3.8331237000002147,-1.431208791208791
2025-07-24T06:10:32.608,3.8362824000005276,-1.444102564102564
2025-07-24T06:10:32.608,3.8491119999998773,-1.4384615384615385
2025-07-24T06:10:32.608,3.852491999999984,-1.4489377289377288
2025-07-24T06:10:32.640,3.872253399999863,-1.443296703296703
2025-07-24T06:10:32.640,3.8723927999999432,-1.452161172161172
2025-07-24T06:10:32.650,3.882553000000371,-1.4497435897435897
2025-07-24T06:10:32.691,3.9419871999998577,-1.4449084249084247
2025-07-24T06:10:32.691,3.9420152000002417,-1.4158974358974357
2025-07-24T06:10:32.691,3.945372799999859,-1.4416849816849817
2025-07-24T06:10:32.691,3.9456271999997625,-1.4513553113553113
2025-07-24T06:10:32.691,3.9456528999999136,-1.3240293040293039
2025-07-24T06:10:32.691,3.9457422000004954,-1.423150183150183
2025-07-24T06:10:32.691,3.9464303000004293,-1.444102564102564
2025-07-24T06:10:32.691,3.946452500000305,-1.435238095238095
2025-07-24T06:10:32.742,3.971110999999837,-1.4416849816849817
2025-07-24T06:10:32.742,3.971136000000115,-1.44007326007326
2025-07-24T06:10:32.742,3.9712335000003804,-1.46021978021978
2025-07-24T06:10:32.765,3.98591099999976,-1.4304029304029304
2025-07-24T06:10:32.772,3.9883801000005406,-1.4545787545787545
2025-07-24T06:10:32.772,4.022969900000135,-1.452161172161172
2025-07-24T06:10:32.772,4.026135199999771,-1.4287912087912087
2025-07-24T06:10:32.772,4.026157899999816,-1.4344322344322344
2025-07-24T06:10:32.772,4.026217100000395,-1.4368498168498167
2025-07-24T06:10:32.772,4.0262432999998055,-1.431208791208791
2025-07-24T06:10:32.772,4.03296599999976,-1.3288644688644689
2025-07-24T06:10:32.818,4.048428699999931,-1.4497435897435897
2025-07-24T06:10:32.818,4.048731900000348,-1.6076923076923078
2025-07-24T06:10:32.831,4.055566799999724,-1.4513553113553113
2025-07-24T06:10:32.838,4.0608993000005285,-1.4328205128205127
2025-07-24T06:10:32.853,4.071507900000142,-1.1660805860805858
2025-07-24T06:10:32.854,4.085123800000474,-1.444102564102564
2025-07-24T06:10:32.854,4.085251999999855,-1.4755311355311354
2025-07-24T06:10:32.854,4.091512500000135,-1.3965567765567766
2025-07-24T06:10:32.854,4.105035800000223,-1.443296703296703
2025-07-24T06:10:32.854,4.111693400000149,-1.4416849816849817
2025-07-24T06:10:32.886,4.121742899999845,-1.4295970695970694
2025-07-24T06:10:32.893,4.125868000000082,-1.5464468864468863
2025-07-24T06:10:32.909,4.137061399999766,-1.4489377289377288
2025-07-24T06:10:32.916,4.141301300000123,-1.4126739926739926
2025-07-24T06:10:32.929,4.1494488999996975,-1.439267399267399
2025-07-24T06:10:32.936,4.157475900000463,-1.5174358974358972
2025-07-24T06:10:33.018,4.23586830000022,-1.4465201465201465
2025-07-24T06:10:33.018,4.235893099999885,-1.4368498168498167
2025-07-24T06:10:33.018,4.23611179999989,-1.4247619047619047
2025-07-24T06:10:33.018,4.2361369000000195,-1.318388278388278
2025-07-24T06:10:33.018,4.236421100000371,-1.436043956043956
2025-07-24T06:10:33.018,4.236444400000437,-1.4513553113553113
2025-07-24T06:10:33.018,4.2364895999999135,-1.302271062271062
2025-07-24T06:10:33.018,4.236581600000136,-1.456190476190476
2025-07-24T06:10:33.018,4.23660689999997,-1.4416849816849817
2025-07-24T06:10:33.018,4.246294999999918,-1.452161172161172
2025-07-24T06:10:33.018,4.24929130000055,-1.3079120879120878
2025-07-24T06:10:33.018,4.255888900000173,-1.4118681318681316
2025-07-24T06:10:33.018,4.262759000000187,-1.4586080586080585
2025-07-24T06:10:33.018,4.279056299999866,-1.436043956043956
2025-07-24T06:10:33.018,4.2793172000001505,-1.431208791208791
2025-07-24T06:10:33.057,4.2901223999997455,-1.415091575091575
2025-07-24T06:10:33.073,4.3011690000003,-1.6383150183150181
2025-07-24T06:10:33.073,4.301280399999996,-1.432014652014652
2025-07-24T06:10:33.087,4.3092217000003075,-1.4086446886446886
2025-07-24T06:10:33.099,4.331134300000485,-1.3997802197802196
2025-07-24T06:10:33.099,4.33116070000051,-1.4424908424908425
2025-07-24T06:10:33.100,4.333005999999841,-1.5456410256410256
2025-07-24T06:10:33.100,4.347667400000319,-1.4167032967032966
2025-07-24T06:10:33.100,4.347794799999974,-1.5158241758241757
2025-07-24T06:10:33.131,4.363953500000207,-1.4424908424908425
2025-07-24T06:10:33.131,4.367365699999937,-1.4449084249084247
2025-07-24T06:10:33.173,4.394455700000435,-1.4537728937728938
2025-07-24T06:10:33.173,4.394932400000471,-1.3208058608058608
2025-07-24T06:10:33.173,4.394954999999754,-1.4376556776556777
2025-07-24T06:10:33.180,4.411755699999958,-1.4449084249084247
2025-07-24T06:10:33.180,4.411990700000388,-1.4537728937728938
2025-07-24T06:10:33.180,4.4120161000000735,-1.4449084249084247
2025-07-24T06:10:33.180,4.431500599999708,-1.4424908424908425
2025-07-24T06:10:33.181,4.432121499999994,-1.4328205128205127
2025-07-24T06:10:33.181,4.440977199999907,-1.4505494505494505
2025-07-24T06:10:33.214,4.444183900000098,-1.4618315018315018
2025-07-24T06:10:33.220,4.452522300000055,-1.4408791208791207
2025-07-24T06:10:33.233,4.45998580000014,-1.4706959706959708
2025-07-24T06:10:33.247,4.469525100000283,-1.4328205128205127
2025-07-24T06:10:33.260,4.476478999999927,-1.3965567765567766
2025-07-24T06:10:33.264,4.484818400000222,-1.299047619047619
2025-07-24T06:10:33.264,4.491290300000401,-1.4295970695970694
2025-07-24T06:10:33.264,4.508041000000048,-1.4449084249084247
2025-07-24T06:10:33.264,4.5147736999997505,-1.4553846153846153
2025-07-24T06:10:33.264,4.521633800000018,-1.44007326007326
2025-07-24T06:10:33.302,4.534940000000461,-1.4424908424908425
2025-07-24T06:10:33.302,4.534966700000041,-1.4513553113553113
2025-07-24T06:10:33.316,4.543450099999973,-1.4473260073260072
2025-07-24T06:10:33.330,4.552167900000313,-1.443296703296703
2025-07-24T06:10:33.343,4.5590821000005235,-1.427179487179487
2025-07-24T06:10:33.347,4.563982200000282,-1.432014652014652
2025-07-24T06:10:33.347,4.573785300000054,-1.4304029304029304
2025-07-24T06:10:33.347,4.580865599999925,-1.435238095238095
2025-07-24T06:10:33.347,4.590664500000457,-1.423150183150183
2025-07-24T06:10:33.347,4.597719200000029,-1.4223443223443224
2025-07-24T06:10:33.380,4.614715200000319,-1.443296703296703
2025-07-24T06:10:33.380,4.6148316999997405,-1.4408791208791207
2025-07-24T06:10:33.393,4.6232943000004525,-1.1112820512820512
2025-07-24T06:10:33.416,4.638499700000466,-1.4449084249084247
2025-07-24T06:10:33.416,4.638872000000447,-1.4505494505494505
2025-07-24T06:10:33.430,4.647275100000115,-1.44007326007326
2025-07-24T06:10:33.430,4.651051499999994,-1.4408791208791207
2025-07-24T06:10:33.430,4.660368400000152,-1.4449084249084247
2025-07-24T06:10:33.430,4.666791200000262,-1.4505494505494505
2025-07-24T06:10:33.430,4.680384299999787,-1.4803663003663001
2025-07-24T06:10:33.483,4.7086865999999645,-1.4505494505494505
2025-07-24T06:10:33.483,4.708709200000158,-1.4449084249084247
2025-07-24T06:10:33.483,4.708787700000357,-1.41992673992674
2025-07-24T06:10:33.483,4.708811700000297,-1.4449084249084247
2025-07-24T06:10:33.496,4.71885040000052,-1.431208791208791
2025-07-24T06:10:33.513,4.737284300000283,-1.4344322344322344
2025-07-24T06:10:33.513,4.737448200000472,-1.4376556776556777
2025-07-24T06:10:33.513,4.743905199999972,-1.4207326007326007
2025-07-24T06:10:33.513,4.750361800000064,-1.4449084249084247
2025-07-24T06:10:33.513,4.756828499999756,-1.443296703296703
2025-07-24T06:10:33.513,4.773840900000323,-1.44007326007326
2025-07-24T06:10:33.578,4.801092499999868,-1.4295970695970694
2025-07-24T06:10:33.578,4.801116399999955,-1.4473260073260072
2025-07-24T06:10:33.578,4.801544900000408,-1.4328205128205127
2025-07-24T06:10:33.578,4.801568300000326,-1.427179487179487
2025-07-24T06:10:33.588,4.80750960000023,-1.4287912087912087
2025-07-24T06:10:33.594,4.815272499999992,-1.4384615384615385
2025-07-24T06:10:33.594,4.822022999999717,-1.4497435897435897
2025-07-24T06:10:33.594,4.835066900000129,-1.4449084249084247
2025-07-24T06:10:33.594,4.838211400000546,-1.443296703296703
2025-07-24T06:10:33.594,4.845754699999816,-1.44007326007326
2025-07-24T06:10:33.594,4.855422499999804,-1.4384615384615385
2025-07-24T06:10:33.625,4.862231300000531,-1.427179487179487
2025-07-24T06:10:33.649,4.878197799999725,-1.4537728937728938
2025-07-24T06:10:33.656,4.880745000000388,-1.303076923076923
2025-07-24T06:10:33.676,4.893066499999804,-1.4118681318681316
2025-07-24T06:10:33.676,4.893092400000569,-1.432014652014652
2025-07-24T06:10:33.677,4.903393999999935,-1.436043956043956
2025-07-24T06:10:33.677,4.9270689000004495,-1.4223443223443224
2025-07-24T06:10:33.677,4.927398099999664,-1.4537728937728938
2025-07-24T06:10:33.677,4.927545999999893,-1.4384615384615385
2025-07-24T06:10:33.707,4.944358800000373,-1.4368498168498167
2025-07-24T06:10:33.707,4.944733399999677,-1.4553846153846153
2025-07-24T06:10:33.714,4.947799600000508,-1.4473260073260072
2025-07-24T06:10:33.727,4.956582800000433,-1.4384615384615385
2025-07-24T06:10:33.750,4.971003599999676,-1.4465201465201465
2025-07-24T06:10:33.756,4.974803099999917,-1.4384615384615385
2025-07-24T06:10:33.756,5.00158139999985,-1.3224175824175823
2025-07-24T06:10:33.756,5.001606200000424,-1.435238095238095
2025-07-24T06:10:33.756,5.00462299999981,-1.4578021978021978
2025-07-24T06:10:33.756,5.007945100000143,-1.4376556776556777
2025-07-24T06:10:33.892,5.119606600000225,-1.443296703296703
2025-07-24T06:10:33.892,5.119633199999953,-1.4465201465201465
2025-07-24T06:10:33.892,5.11970569999994,-1.4545787545787545
2025-07-24T06:10:33.892,5.119731200000388,-1.436043956043956
2025-07-24T06:10:33.899,5.122969099999864,-1.4336263736263737
2025-07-24T06:10:33.899,5.12299400000029,-1.4368498168498167
2025-07-24T06:10:33.899,5.1231730999998035,-1.427985347985348
2025-07-24T06:10:33.899,5.12319750000006,-1.461025641025641
2025-07-24T06:10:33.899,5.1232153999999355,-1.4408791208791207
2025-07-24T06:10:33.899,5.123531500000354,-1.435238095238095
2025-07-24T06:10:33.899,5.123550799999975,-1.448131868131868
2025-07-24T06:10:33.905,5.127106300000378,-1.423956043956044
2025-07-24T06:10:33.912,5.131025800000316,-1.4368498168498167
2025-07-24T06:10:33.912,5.1312925000002,-1.44007326007326
2025-07-24T06:10:33.912,5.131314000000202,-1.4304029304029304
2025-07-24T06:10:33.918,5.135357500000282,-1.4368498168498167
2025-07-24T06:10:33.919,5.155988399999842,-1.4424908424908425
2025-07-24T06:10:33.919,5.156011400000352,-1.432014652014652
2025-07-24T06:10:33.919,5.156252499999937,-1.4537728937728938
2025-07-24T06:10:33.919,5.1732529999999315,-1.452161172161172
2025-07-24T06:10:33.919,5.173278700000083,-1.435238095238095
2025-07-24T06:10:33.952,5.182781600000453,-1.4167032967032966
2025-07-24T06:10:33.993,5.21400900000026,-1.4537728937728938
2025-07-24T06:10:33.993,5.214040400000158,-1.3159706959706958
2025-07-24T06:10:33.994,5.214154700000108,-1.4424908424908425
2025-07-24T06:10:33.994,5.2144961000003605,-1.3635164835164835
2025-07-24T06:10:34.000,5.225432700000056,-1.427179487179487
2025-07-24T06:10:34.000,5.232216000000335,-1.456996336996337
2025-07-24T06:10:34.085,5.338323900000432,-1.443296703296703
2025-07-24T06:10:34.085,5.338348400000541,-1.4384615384615385
2025-07-24T06:10:34.085,5.339052999999694,-1.443296703296703
2025-07-24T06:10:34.085,5.339264400000502,-1.3361172161172161
2025-07-24T06:10:34.085,5.341661000000386,-1.4424908424908425
2025-07-24T06:10:34.085,5.341687300000558,-1.423150183150183
2025-07-24T06:10:34.085,5.341779700000188,-1.439267399267399
2025-07-24T06:10:34.085,5.341804599999705,-1.436043956043956
2025-07-24T06:10:34.085,5.34186630000022,-1.4843956043956044
2025-07-24T06:10:34.085,5.341892100000223,-1.432014652014652
2025-07-24T06:10:34.085,5.341980100000001,-1.439267399267399
2025-07-24T06:10:34.085,5.342004000000088,-1.4086446886446886
2025-07-24T06:10:34.085,5.342031500000303,-1.502930402930403
2025-07-24T06:10:34.085,5.3454297999996925,-1.4424908424908425
2025-07-24T06:10:34.118,5.349128300000302,-1.5295238095238095
2025-07-24T06:10:34.137,5.364828800000396,-1.4416849816849817
2025-07-24T06:10:34.137,5.365005599999677,-1.4408791208791207
2025-07-24T06:10:34.149,5.37190819999978,-1.415091575091575
2025-07-24T06:10:34.162,5.380991199999698,-1.443296703296703
2025-07-24T06:10:34.168,5.39255250000042,-1.4408791208791207
2025-07-24T06:10:34.169,5.4145871999999144,-1.4263736263736264
2025-07-24T06:10:34.169,5.414610800000446,-1.448131868131868
2025-07-24T06:10:34.169,5.414729099999931,-1.44007326007326
2025-07-24T06:10:34.169,5.426069699999971,-1.435238095238095
2025-07-24T06:10:34.169,5.429581100000178,-1.44007326007326
2025-07-24T06:10:34.203,5.435925900000257,-1.4553846153846153
2025-07-24T06:10:34.255,5.471413299999767,-1.4537728937728938
2025-07-24T06:10:34.255,5.471440000000257,-1.4457142857142857
2025-07-24T06:10:34.255,5.471456799999942,-1.4408791208791207
2025-07-24T06:10:34.255,5.471708699999908,-1.4207326007326007
2025-07-24T06:10:34.255,5.477330599999732,-1.456996336996337
2025-07-24T06:10:34.255,5.48460040000009,-1.4416849816849817
2025-07-24T06:10:34.255,5.498332299999674,-1.4465201465201465
2025-07-24T06:10:34.255,5.5006868000000395,-1.444102564102564
2025-07-24T06:10:34.255,5.512161999999989,-1.4594139194139193
2025-07-24T06:10:34.255,5.515392899999824,-1.435238095238095
2025-07-24T06:10:34.299,5.531087700000171,-1.4368498168498167
2025-07-24T06:10:34.312,5.538588000000345,-1.44007326007326
2025-07-24T06:10:34.318,5.541529099999934,-1.44007326007326
2025-07-24T06:10:34.325,5.547399199999745,-1.443296703296703
2025-07-24T06:10:34.338,5.558931399999892,-1.4062271062271061
2025-07-24T06:10:34.338,5.566364899999826,-1.4424908424908425
2025-07-24T06:10:34.338,5.579120600000351,-1.4424908424908425
2025-07-24T06:10:34.338,5.582529999999679,-1.4336263736263737
2025-07-24T06:10:34.338,5.592382300000281,-1.3796336996336995
2025-07-24T06:10:34.338,5.598810200000116,-1.443296703296703
2025-07-24T06:10:34.370,5.605772599999909,-1.4287912087912087
2025-07-24T06:10:34.384,5.614722999999685,-1.4295970695970694
2025-07-24T06:10:34.395,5.621854199999689,-1.4465201465201465
2025-07-24T06:10:34.422,5.637880500000392,-1.4376556776556777
2025-07-24T06:10:34.422,5.63790440000048,-1.2587545787545786
2025-07-24T06:10:34.422,5.652348200000233,-1.432014652014652
2025-07-24T06:10:34.422,5.659304599999814,-1.4449084249084247
2025-07-24T06:10:34.422,5.673004799999944,-1.4247619047619047
2025-07-24T06:10:34.422,5.673029900000074,-1.4287912087912087
2025-07-24T06:10:34.454,5.6896567000003415,-1.4537728937728938
2025-07-24T06:10:34.454,5.689746600000035,-1.4537728937728938
2025-07-24T06:10:34.461,5.693910300000425,-1.4489377289377288
2025-07-24T06:10:34.477,5.704085200000009,-1.4368498168498167
2025-07-24T06:10:34.484,5.709009600000172,-1.4416849816849817
2025-07-24T06:10:34.504,5.72810329999993,-1.4328205128205127
2025-07-24T06:10:34.504,5.728129600000102,-1.4449084249084247
2025-07-24T06:10:34.504,5.743053000000145,-1.4336263736263737
2025-07-24T06:10:34.504,5.743078299999979,-1.444102564102564
2025-07-24T06:10:34.504,5.761885099999745,-1.4328205128205127
2025-07-24T06:10:34.504,5.762311000000409,-1.439267399267399
2025-07-24T06:10:34.504,5.765453699999853,-1.4457142857142857
2025-07-24T06:10:34.541,5.774912800000493,-1.4537728937728938
2025-07-24T06:10:34.560,5.7876640000004045,-1.4384615384615385
2025-07-24T06:10:34.561,5.7876882999999,-1.44007326007326
2025-07-24T06:10:34.573,5.796102100000098,-1.4424908424908425
2025-07-24T06:10:34.587,5.806114500000149,-1.436043956043956
2025-07-24T06:10:34.587,5.818287000000055,-1.4537728937728938
2025-07-24T06:10:34.587,5.8284365999998045,-1.44007326007326
2025-07-24T06:10:34.587,5.831892500000322,-1.4513553113553113
2025-07-24T06:10:34.587,5.840957700000217,-1.4545787545787545
2025-07-24T06:10:34.587,5.8478329999998095,-1.4489377289377288
2025-07-24T06:10:34.627,5.857910800000354,-1.4473260073260072
2025-07-24T06:10:34.631,5.862708399999974,-1.432014652014652
2025-07-24T06:10:34.644,5.870753400000467,-1.4408791208791207
2025-07-24T06:10:34.657,5.877907699999923,-1.4255677655677654
2025-07-24T06:10:34.670,5.886984300000222,-1.4328205128205127
2025-07-24T06:10:34.670,5.895138800000495,-1.4086446886446886
2025-07-24T06:10:34.670,5.905019599999832,-1.4408791208791207
2025-07-24T06:10:34.670,5.911412200000086,-1.4336263736263737
2025-07-24T06:10:34.670,5.918489800000316,-1.4449084249084247
2025-07-24T06:10:34.670,5.927379700000529,-1.4287912087912087
2025-07-24T06:10:34.701,5.934064199999739,-1.41992673992674
2025-07-24T06:10:34.712,5.943727800000488,-1.443296703296703
2025-07-24T06:10:34.723,5.951143799999954,-1.452161172161172
2025-07-24T06:10:34.737,5.960129400000369,-1.435238095238095
2025-07-24T06:10:34.751,5.9767604999997275,-1.4626373626373625
2025-07-24T06:10:34.751,5.97678360000009,-1.4376556776556777
2025-07-24T06:10:34.751,5.98541750000004,-1.423956043956044
2025-07-24T06:10:34.751,5.991532900000493,-1.4062271062271061
2025-07-24T06:10:34.751,6.004945399999997,-1.4207326007326007
2025-07-24T06:10:34.783,6.018787599999996,-1.4473260073260072
2025-07-24T06:10:34.784,6.01881289999983,-1.4376556776556777
2025-07-24T06:10:34.797,6.027117100000396,-1.4618315018315018
2025-07-24T06:10:34.803,6.032039100000475,-1.4553846153846153
2025-07-24T06:10:34.834,6.051644899999701,-1.4416849816849817
2025-07-24T06:10:34.834,6.051671199999873,-1.468278388278388
2025-07-24T06:10:34.834,6.064623400000528,-1.4408791208791207
2025-07-24T06:10:34.834,6.064749699999993,-1.448131868131868
2025-07-24T06:10:34.834,6.070891299999857,-1.436043956043956
2025-07-24T06:10:34.834,6.077299600000515,-1.4263736263736264
2025-07-24T06:10:34.834,6.087519200000315,-1.4344322344322344
2025-07-24T06:10:34.834,6.093029200000274,-1.4368498168498167
2025-07-24T06:10:34.866,6.101826099999926,-1.448131868131868
2025-07-24T06:10:34.891,6.118829199999709,-1.4384615384615385
2025-07-24T06:10:34.905,6.126763299999766,-1.4457142857142857
2025-07-24T06:10:34.905,6.126787199999853,-1.4384615384615385
2025-07-24T06:10:34.915,6.136988299999757,-1.431208791208791
2025-07-24T06:10:34.915,6.143513699999858,-1.4465201465201465
2025-07-24T06:10:34.915,6.150151200000437,-1.4247619047619047
2025-07-24T06:10:34.915,6.162994100000105,-1.444102564102564
2025-07-24T06:10:34.955,6.187058200000138,-1.4489377289377288
2025-07-24T06:10:34.955,6.187086800000543,-1.4465201465201465
2025-07-24T06:10:34.955,6.187517899999875,-1.4457142857142857
2025-07-24T06:10:34.969,6.195440100000269,-1.4594139194139193
2025-07-24T06:10:34.993,6.210878800000501,-1.444102564102564
2025-07-24T06:10:34.994,6.210996499999965,-1.4457142857142857
2025-07-24T06:10:35.000,6.215916000000107,-1.4473260073260072
2025-07-24T06:10:35.000,6.222327600000426,-1.456996336996337
2025-07-24T06:10:35.000,6.229723100000228,-1.4424908424908425
2025-07-24T06:10:35.000,6.238832799999727,-1.435238095238095
2025-07-24T06:10:35.000,6.254152700000304,-1.439267399267399
2025-07-24T06:10:35.000,6.254276100000425,-1.4408791208791207
2025-07-24T06:10:35.041,6.271692399999665,-1.4384615384615385
2025-07-24T06:10:35.047,6.276157100000091,-1.423150183150183
2025-07-24T06:10:35.054,6.281357699999717,-1.4424908424908425
2025-07-24T06:10:35.068,6.289765000000443,-1.4408791208791207
2025-07-24T06:10:35.079,6.298009600000114,-1.44007326007326
2025-07-24T06:10:35.085,6.301525300000321,-1.4513553113553113
2025-07-24T06:10:35.085,6.314510400000472,-1.4586080586080585
2025-07-24T06:10:35.085,6.3209592000002885,-1.4416849816849817
2025-07-24T06:10:35.085,6.335123300000305,-1.443296703296703
2025-07-24T06:10:35.085,6.3351479000002655,-1.4626373626373625
2025-07-24T06:10:35.085,6.342457700000523,-1.456190476190476
2025-07-24T06:10:35.124,6.357149399999798,-1.444102564102564
2025-07-24T06:10:35.150,6.373261900000216,-1.4295970695970694
2025-07-24T06:10:35.150,6.37370699999974,-1.4618315018315018
2025-07-24T06:10:35.150,6.373731700000462,-1.44007326007326
2025-07-24T06:10:35.161,6.380720899999687,-1.44007326007326
2025-07-24T06:10:35.168,6.388620900000205,-1.4255677655677654
2025-07-24T06:10:35.168,6.401555200000075,-1.4416849816849817
2025-07-24T06:10:35.168,6.408081700000366,-1.444102564102564
2025-07-24T06:10:35.168,6.417938000000504,-1.4424908424908425
2025-07-24T06:10:35.202,6.432700700000169,-1.4223443223443224
2025-07-24T06:10:35.202,6.432725200000277,-1.4545787545787545
2025-07-24T06:10:35.208,6.440090900000541,-1.436043956043956
2025-07-24T06:10:35.225,6.45237410000027,-1.4497435897435897
2025-07-24T06:10:35.225,6.452594299999873,-1.4295970695970694
2025-07-24T06:10:35.238,6.4610327999998844,-1.4344322344322344
2025-07-24T06:10:35.252,6.4863468000003195,-1.4537728937728938
2025-07-24T06:10:35.252,6.486436199999844,-1.4247619047619047
2025-07-24T06:10:35.252,6.493199499999719,-1.44007326007326
2025-07-24T06:10:35.252,6.493228199999976,-1.4473260073260072
2025-07-24T06:10:35.252,6.509261500000321,-1.4529670329670328
2025-07-24T06:10:35.285,6.5162599000004775,-1.4295970695970694
2025-07-24T06:10:35.285,6.516290399999889,-1.427179487179487
2025-07-24T06:10:35.298,6.529550400000517,-1.4416849816849817
2025-07-24T06:10:35.304,6.533095100000537,-1.4424908424908425
2025-07-24T06:10:35.325,6.544576400000551,-1.4457142857142857
2025-07-24T06:10:35.336,6.5593244000001505,-1.4529670329670328
2025-07-24T06:10:35.336,6.559350999999879,-1.353846153846154
2025-07-24T06:10:35.336,6.579029000000446,-1.4287912087912087
2025-07-24T06:10:35.336,6.580192200000056,-1.4247619047619047
2025-07-24T06:10:35.336,6.585887100000036,-1.4376556776556777
2025-07-24T06:10:35.336,6.59235020000051,-1.4384615384615385
2025-07-24T06:10:35.336,6.599614800000381,-1.4497435897435897
2025-07-24T06:10:35.376,6.606864100000166,-1.4384615384615385
2025-07-24T06:10:35.387,6.6156614000001355,-1.435238095238095
2025-07-24T06:10:35.406,6.628370299999915,-1.4513553113553113
2025-07-24T06:10:35.412,6.631993400000283,-1.4489377289377288
2025-07-24T06:10:35.419,6.643040900000415,-1.444102564102564
2025-07-24T06:10:35.419,6.648038600000291,-1.432014652014652
2025-07-24T06:10:35.419,6.654806300000018,-1.4465201465201465
2025-07-24T06:10:35.419,6.664303499999733,-1.443296703296703
2025-07-24T06:10:35.419,6.673148400000173,-1.4497435897435897
2025-07-24T06:10:35.461,6.693330400000377,-1.4328205128205127
2025-07-24T06:10:35.461,6.6933570000001055,-1.382051282051282
2025-07-24T06:10:35.461,6.6937581000001956,-1.436043956043956
2025-07-24T06:10:35.474,6.70182240000031,-1.4183150183150184
2025-07-24T06:10:35.486,6.70939989999988,-1.4465201465201465
2025-07-24T06:10:35.500,6.718012199999976,-1.4449084249084247
2025-07-24T06:10:35.500,6.729256200000236,-1.4578021978021978
2025-07-24T06:10:35.500,6.73874909999995,-1.4368498168498167
2025-07-24T06:10:35.500,6.748419000000467,-1.4336263736263737
2025-07-24T06:10:35.500,6.748446399999921,-1.4384615384615385
2025-07-24T06:10:35.501,6.757754500000374,-1.4416849816849817
2025-07-24T06:10:35.532,6.765276000000085,-1.439267399267399
2025-07-24T06:10:35.552,6.780658300000141,-1.439267399267399
2025-07-24T06:10:35.563,6.787493499999982,-1.4328205128205127
2025-07-24T06:10:35.569,6.790919400000348,-1.4255677655677654
2025-07-24T06:10:35.582,6.806799699999829,-1.44007326007326
2025-07-24T06:10:35.582,6.807075800000348,-1.4449084249084247
2025-07-24T06:10:35.583,6.816657000000305,-1.439267399267399
2025-07-24T06:10:35.583,6.821931200000108,-1.423956043956044
2025-07-24T06:10:35.583,6.834109000000353,-1.4384615384615385
2025-07-24T06:10:35.583,6.837179600000127,-1.4247619047619047
2025-07-24T06:10:35.615,6.8501391999998305,-1.4287912087912087
2025-07-24T06:10:35.621,6.853896700000405,-1.4497435897435897
2025-07-24T06:10:35.635,6.863110199999937,-1.4384615384615385
2025-07-24T06:10:35.646,6.869986900000185,-1.44007326007326
2025-07-24T06:10:35.666,6.886165500000061,-1.439267399267399
2025-07-24T06:10:35.666,6.886190100000022,-1.353040293040293
2025-07-24T06:10:35.666,6.892586200000551,-1.4497435897435897
2025-07-24T06:10:35.666,6.903074200000447,-1.4408791208791207
2025-07-24T06:10:35.666,6.910102400000142,-1.4295970695970694
2025-07-24T06:10:35.666,6.916977599999882,-1.4416849816849817
2025-07-24T06:10:35.666,6.9269414000000324,-1.4376556776556777
2025-07-24T06:10:35.734,6.956447900000057,-1.4449084249084247
2025-07-24T06:10:35.734,6.956765200000518,-1.443296703296703
2025-07-24T06:10:35.734,6.956790000000183,-1.4553846153846153
2025-07-24T06:10:35.741,6.959235799999988,-1.4328205128205127
2025-07-24T06:10:35.748,6.964752099999714,-1.4497435897435897
2025-07-24T06:10:35.748,6.972645599999851,-1.4489377289377288
2025-07-24T06:10:35.748,6.982421800000338,-1.4158974358974357
2025-07-24T06:10:35.748,7.005384500000218,-1.4368498168498167
2025-07-24T06:10:35.748,7.005413699999735,-1.4457142857142857
2025-07-24T06:10:35.748,7.008125600000312,-1.4223443223443224
2025-07-24T06:10:35.780,7.015382200000204,-1.4376556776556777
2025-07-24T06:10:35.804,7.029789100000016,-1.4183150183150184
2025-07-24T06:10:35.869,7.1020276999997805,-1.4964835164835164
2025-07-24T06:10:35.869,7.102230899999995,-1.443296703296703
2025-07-24T06:10:35.869,7.102253300000484,-1.4295970695970694
2025-07-24T06:10:35.869,7.102317099999709,-1.4449084249084247
2025-07-24T06:10:35.869,7.102336300000388,-1.444102564102564
2025-07-24T06:10:35.869,7.102347000000009,-1.5126007326007325
2025-07-24T06:10:35.869,7.102356899999904,-1.4328205128205127
2025-07-24T06:10:35.869,7.102366600000096,-1.4666666666666666
2025-07-24T06:10:35.869,7.1026613000003636,-1.4449084249084247
2025-07-24T06:10:35.869,7.102681200000006,-1.5246886446886445
2025-07-24T06:10:35.886,7.113756800000374,-1.44007326007326
2025-07-24T06:10:35.892,7.1170641999997315,-1.3522344322344322
2025-07-24T06:10:35.906,7.12578399999984,-1.436043956043956
2025-07-24T06:10:35.912,7.1434165999999095,-1.452161172161172
2025-07-24T06:10:35.913,7.1436123000003136,-1.4328205128205127
2025-07-24T06:10:35.913,7.154515600000195,-1.464249084249084
2025-07-24T06:10:35.913,7.161971900000026,-1.4618315018315018
2025-07-24T06:10:35.913,7.173950700000205,-1.510989010989011
2025-07-24T06:10:35.913,7.17435900000055,-1.4578021978021978
2025-07-24T06:10:35.957,7.188525800000207,-1.6504029304029304
2025-07-24T06:10:35.969,7.196926800000256,-1.4513553113553113
2025-07-24T06:10:35.995,7.212093600000117,-1.4537728937728938
2025-07-24T06:10:35.995,7.212176300000465,-1.3828571428571428
2025-07-24T06:10:35.995,7.212203000000045,-1.44007326007326
2025-07-24T06:10:35.996,7.2216042999998535,-1.4167032967032966
2025-07-24T06:10:35.996,7.237394200000381,-1.4344322344322344
2025-07-24T06:10:35.996,7.240702799999781,-1.402197802197802
2025-07-24T06:10:35.996,7.2444210000003295,-1.435238095238095
2025-07-24T06:10:35.996,7.255480400000124,-1.4674725274725273
2025-07-24T06:10:36.028,7.260596799999803,-1.4860073260073259
2025-07-24T06:10:36.039,7.270444100000532,-1.456996336996337
2025-07-24T06:10:36.052,7.278566900000442,-1.4175091575091574
2025-07-24T06:10:36.072,7.29010449999987,-1.439267399267399
2025-07-24T06:10:36.079,7.304640600000312,-1.4118681318681316
2025-07-24T06:10:36.079,7.304663300000357,-1.602051282051282
2025-07-24T06:10:36.080,7.310318800000459,-1.4295970695970694
2025-07-24T06:10:36.080,7.320552400000452,-1.4706959706959708
2025-07-24T06:10:36.080,7.327223100000083,-1.4513553113553113
2025-07-24T06:10:36.080,7.334548200000427,-1.476336996336996
2025-07-24T06:10:36.111,7.343550399999913,-1.4247619047619047
2025-07-24T06:10:36.118,7.350928400000157,-1.1467399267399268
2025-07-24T06:10:36.135,7.361678400000528,-1.3876923076923076
2025-07-24T06:10:36.142,7.365869799999928,-1.519047619047619
2025-07-24T06:10:36.155,7.372508899999957,-1.456996336996337
2025-07-24T06:10:36.161,7.38202420000016,-1.3586813186813185
2025-07-24T06:10:36.161,7.396503300000404,-1.4384615384615385
2025-07-24T06:10:36.161,7.399396599999818,-1.4336263736263737
2025-07-24T06:10:36.162,7.4090048999996725,-1.456996336996337
2025-07-24T06:10:36.162,7.421818499999972,-1.3256410256410256
2025-07-24T06:10:36.162,7.422134399999777,-1.7769230769230768
2025-07-24T06:10:36.201,7.433796500000426,-1.4368498168498167
2025-07-24T06:10:36.219,7.4459053000000495,-1.423956043956044
2025-07-24T06:10:36.226,7.449923000000126,-1.3691575091575092
2025-07-24T06:10:36.238,7.457194499999787,-1.4618315018315018
2025-07-24T06:10:36.245,7.460832499999924,-1.4513553113553113
2025-07-24T06:10:36.245,7.474220099999911,-1.402197802197802
2025-07-24T06:10:36.245,7.487448900000345,-1.465054945054945
2025-07-24T06:10:36.245,7.488556700000117,-1.4175091575091574
2025-07-24T06:10:36.276,7.512655800000175,-1.4336263736263737
2025-07-24T06:10:36.276,7.5129102000000785,-1.4376556776556777
2025-07-24T06:10:36.276,7.512935800000378,-1.435238095238095
2025-07-24T06:10:36.288,7.5205009999999675,-1.4158974358974357
2025-07-24T06:10:36.294,7.526038900000458,-1.41992673992674
2025-07-24T06:10:36.306,7.532616399999824,-1.4449084249084247
2025-07-24T06:10:36.326,7.54409140000007,-1.4956776556776554
2025-07-24T06:10:36.326,7.551348300000427,-1.439267399267399
2025-07-24T06:10:36.326,7.558987700000216,-1.3804395604395603
2025-07-24T06:10:36.326,7.568319099999826,-1.41992673992674
2025-07-24T06:10:36.326,7.574896400000398,-1.3328937728937729
2025-07-24T06:10:36.396,7.61725480000041,-1.4215384615384614
2025-07-24T06:10:36.396,7.617282100000011,-1.3957509157509156
2025-07-24T06:10:36.396,7.617677600000206,-1.4424908424908425
2025-07-24T06:10:36.396,7.617702200000167,-1.4287912087912087
2025-07-24T06:10:36.396,7.6177239999997255,-1.435238095238095
2025-07-24T06:10:36.402,7.62154290000035,-1.3965567765567766
2025-07-24T06:10:36.409,7.629623900000297,-1.4529670329670328
2025-07-24T06:10:36.409,7.637528500000371,-1.444102564102564
2025-07-24T06:10:36.409,7.650642399999924,-1.4408791208791207
2025-07-24T06:10:36.409,7.656895300000542,-1.4457142857142857
2025-07-24T06:10:36.409,7.6634825000001,-1.4473260073260072
2025-07-24T06:10:36.409,7.670070500000293,-1.4263736263736264
2025-07-24T06:10:36.441,7.676748099999713,-1.4094505494505494
2025-07-24T06:10:36.461,7.6889438999996855,-1.4497435897435897
2025-07-24T06:10:36.473,7.6994268999997075,-1.4070329670329669
2025-07-24T06:10:36.491,7.708645100000467,-1.44007326007326
2025-07-24T06:10:36.491,7.7125795000001744,-1.3764102564102563
2025-07-24T06:10:36.492,7.718972399999984,-1.4424908424908425
2025-07-24T06:10:36.524,7.758922500000153,-1.444102564102564
2025-07-24T06:10:36.524,7.75894900000003,-1.4586080586080585
2025-07-24T06:10:36.524,7.759020399999827,-1.4465201465201465
2025-07-24T06:10:36.524,7.759044600000379,-1.4513553113553113
2025-07-24T06:10:36.529,7.7633882000000085,-1.4424908424908425
2025-07-24T06:10:36.542,7.769881899999746,-1.4618315018315018
2025-07-24T06:10:36.549,7.774609099999907,-1.4054212454212454
2025-07-24T06:10:36.562,7.782357900000534,-1.436043956043956
2025-07-24T06:10:36.575,7.791729200000191,-1.4594139194139193
2025-07-24T06:10:36.575,7.816109000000324,-1.4215384615384614
2025-07-24T06:10:36.575,7.816133399999671,-1.448131868131868
2025-07-24T06:10:36.575,7.81621290000021,-1.431208791208791
2025-07-24T06:10:36.575,7.832527700000355,-1.481172161172161
2025-07-24T06:10:36.575,7.832625199999711,-1.44007326007326
2025-07-24T06:10:36.605,7.842222799999945,-1.44007326007326
2025-07-24T06:10:36.612,7.845080000000053,-1.4465201465201465
2025-07-24T06:10:36.637,7.8616117000001395,-1.443296703296703
2025-07-24T06:10:36.642,7.865544199999931,-1.4529670329670328
2025-07-24T06:10:36.656,7.874377500000264,-1.431208791208791
2025-07-24T06:10:36.656,7.8834733000003325,-1.444102564102564
2025-07-24T06:10:36.656,7.889761600000384,-1.4368498168498167
2025-07-24T06:10:36.656,7.8994595000003756,-1.4457142857142857
2025-07-24T06:10:36.656,7.908181499999955,-1.436043956043956
2025-07-24T06:10:36.656,7.914082400000552,-1.439267399267399
2025-07-24T06:10:36.656,7.917521999999735,-1.439267399267399
2025-07-24T06:10:36.695,7.927135300000373,-1.4368498168498167
2025-07-24T06:10:36.707,7.936360200000308,-1.452161172161172
2025-07-24T06:10:36.720,7.943010400000276,-1.4489377289377288
2025-07-24T06:10:36.734,7.951682900000378,-1.4287912087912087
2025-07-24T06:10:36.739,7.968914400000358,-1.4368498168498167
2025-07-24T06:10:36.739,7.972134200000255,-1.4706959706959708
2025-07-24T06:10:36.739,7.975339100000383,-1.439267399267399
2025-07-24T06:10:36.739,7.981790400000136,-1.444102564102564
2025-07-24T06:10:36.739,7.994913999999881,-1.4457142857142857
2025-07-24T06:10:36.771,8.004395300000397,-1.4449084249084247
2025-07-24T06:10:36.784,8.014952399999856,-1.4553846153846153
2025-07-24T06:10:36.784,8.01509679999981,-1.4465201465201465
2025-07-24T06:10:36.796,8.022777500000302,-1.44007326007326
2025-07-24T06:10:36.809,8.030938699999751,-1.435238095238095
2025-07-24T06:10:36.821,8.037793399999828,-1.4424908424908425
2025-07-24T06:10:36.821,8.044984199999817,-1.439267399267399
2025-07-24T06:10:36.821,8.054820899999868,-1.4336263736263737
2025-07-24T06:10:36.821,8.064374700000371,-1.4424908424908425
2025-07-24T06:10:36.821,8.071267500000431,-1.4416849816849817
2025-07-24T06:10:36.821,8.077166600000055,-1.4384615384615385
2025-07-24T06:10:36.854,8.088439799999833,-1.452161172161172
2025-07-24T06:10:36.861,8.092621599999802,-1.432014652014652
2025-07-24T06:10:36.874,8.10029349999968,-1.4473260073260072
2025-07-24T06:10:36.885,8.10820909999984,-1.4537728937728938
2025-07-24T06:10:36.905,8.120977200000198,-1.4489377289377288
2025-07-24T06:10:36.905,8.125222900000153,-1.44007326007326
2025-07-24T06:10:36.905,8.1352152999998,-1.435238095238095
2025-07-24T06:10:36.905,8.141737300000386,-1.436043956043956
2025-07-24T06:10:36.905,8.148366299999907,-1.4473260073260072
2025-07-24T06:10:36.905,8.16534430000047,-1.452161172161172
2025-07-24T06:10:36.905,8.165461700000378,-1.4449084249084247
2025-07-24T06:10:36.943,8.175945599999977,-1.4368498168498167
2025-07-24T06:10:36.950,8.180760000000191,-1.44007326007326
2025-07-24T06:10:36.969,8.192382199999884,-1.4457142857142857
2025-07-24T06:10:36.976,8.196952400000555,-1.4795604395604394
2025-07-24T06:10:36.988,8.210250500000257,-1.3868864468864468
2025-07-24T06:10:36.988,8.224288299999898,-1.4183150183150184
2025-07-24T06:10:36.988,8.224346500000138,-1.444102564102564
2025-07-24T06:10:36.988,8.230512699999963,-1.4497435897435897
2025-07-24T06:10:36.988,8.237360099999933,-1.4545787545787545
2025-07-24T06:10:36.988,8.249046900000394,-1.468278388278388
2025-07-24T06:10:37.022,8.25598220000029,-1.4287912087912087
2025-07-24T06:10:37.035,8.264991199999713,-1.4457142857142857
2025-07-24T06:10:37.048,8.272980700000517,-1.3788278388278385
2025-07-24T06:10:37.055,8.27695709999989,-1.444102564102564
2025-07-24T06:10:37.067,8.285136399999828,-1.41992673992674
2025-07-24T06:10:37.074,8.290824200000316,-1.435238095238095
2025-07-24T06:10:37.074,8.30374110000048,-1.452161172161172
2025-07-24T06:10:37.074,8.320082400000501,-1.4457142857142857
2025-07-24T06:10:37.074,8.320268000000397,-1.4408791208791207
2025-07-24T06:10:37.074,8.335364700000355,-1.4473260073260072
2025-07-24T06:10:37.107,8.342113499999869,-1.4368498168498167
2025-07-24T06:10:37.129,8.354577300000528,-1.5166300366300365
2025-07-24T06:10:37.129,8.354604500000278,-1.4328205128205127
2025-07-24T06:10:37.134,8.359075299999859,-1.44007326007326
2025-07-24T06:10:37.159,8.374712400000135,-1.4529670329670328
2025-07-24T06:10:37.159,8.37474199999997,-1.427985347985348
2025-07-24T06:10:37.160,8.382060699999784,-1.4489377289377288
2025-07-24T06:10:37.160,8.389916000000085,-1.4336263736263737
2025-07-24T06:10:37.160,8.399435899999844,-1.4384615384615385
2025-07-24T06:10:37.160,8.405235899999752,-1.4449084249084247
2025-07-24T06:10:37.199,8.430542300000525,-1.4368498168498167
2025-07-24T06:10:37.199,8.43173360000037,-1.435238095238095
2025-07-24T06:10:37.199,8.432341800000358,-1.4287912087912087
2025-07-24T06:10:37.212,8.440506599999935,-1.4287912087912087
2025-07-24T06:10:37.219,8.444454600000427,-1.443296703296703
2025-07-24T06:10:37.231,8.453601199999866,-1.448131868131868
2025-07-24T06:10:37.245,8.461235100000522,-1.4513553113553113
2025-07-24T06:10:37.245,8.470376199999919,-1.4102564102564104
2025-07-24T06:10:37.245,8.479996900000515,-1.510989010989011
2025-07-24T06:10:37.245,8.486436099999992,-1.4376556776556777
2025-07-24T06:10:37.246,8.49875130000055,-1.4328205128205127
2025-07-24T06:10:37.246,8.498938499999895,-1.4537728937728938
2025-07-24T06:10:37.277,8.512974799999938,-1.444102564102564
2025-07-24T06:10:37.302,8.527216600000429,-1.4473260073260072
2025-07-24T06:10:37.303,8.528086999999687,-1.4457142857142857
2025-07-24T06:10:37.316,8.536211499999808,-1.4376556776556777
2025-07-24T06:10:37.322,8.539903500000037,-1.4489377289377288
2025-07-24T06:10:37.329,8.551280200000292,-1.44007326007326
2025-07-24T06:10:37.329,8.55914329999996,-1.4416849816849817
2025-07-24T06:10:37.329,8.565290399999867,-1.4505494505494505
2025-07-24T06:10:37.329,8.576204799999687,-1.3828571428571428
2025-07-24T06:10:37.329,8.582929899999726,-1.448131868131868
2025-07-24T06:10:37.329,8.589312600000085,-1.435238095238095
2025-07-24T06:10:37.362,8.596249600000192,-1.4449084249084247
2025-07-24T06:10:37.376,8.604731299999912,-1.4513553113553113
2025-07-24T06:10:37.395,8.61703209999996,-1.4384615384615385
2025-07-24T06:10:37.401,8.619682399999874,-1.44007326007326
2025-07-24T06:10:37.415,8.633508500000062,-1.444102564102564
2025-07-24T06:10:37.415,8.644218999999794,-1.435238095238095
2025-07-24T06:10:37.415,8.64429730000029,-1.4892307692307691
2025-07-24T06:10:37.415,8.655992699999842,-1.432014652014652
2025-07-24T06:10:37.415,8.659479900000406,-1.4295970695970694
2025-07-24T06:10:37.447,8.679426599999715,-1.444102564102564
2025-07-24T06:10:37.447,8.67988990000049,-1.3957509157509156
2025-07-24T06:10:37.447,8.68285300000025,-1.4457142857142857
2025-07-24T06:10:37.466,8.696313100000225,-1.4424908424908425
2025-07-24T06:10:37.479,8.701705800000127,-1.435238095238095
2025-07-24T06:10:37.492,8.710369700000228,-1.4368498168498167
2025-07-24T06:10:37.499,8.717868300000191,-1.44007326007326
2025-07-24T06:10:37.499,8.727163700000347,-1.4424908424908425
2025-07-24T06:10:37.500,8.733825100000104,-1.427179487179487
2025-07-24T06:10:37.500,8.74059269999998,-1.444102564102564
2025-07-24T06:10:37.500,8.753394899999876,-1.4384615384615385
2025-07-24T06:10:37.500,8.760016299999734,-1.44007326007326
2025-07-24T06:10:37.532,8.767524099999719,-1.4368498168498167
2025-07-24T06:10:37.545,8.77505259999998,-1.4255677655677654
2025-07-24T06:10:37.550,8.779877099999794,-1.4497435897435897
2025-07-24T06:10:37.570,8.79148830000031,-1.423150183150183
2025-07-24T06:10:37.576,8.795522800000072,-1.4489377289377288
2025-07-24T06:10:37.583,8.806993299999704,-1.444102564102564
2025-07-24T06:10:37.583,8.813119200000074,-1.436043956043956
2025-07-24T06:10:37.583,8.821318100000099,-1.4167032967032966
2025-07-24T06:10:37.583,8.83748949999972,-1.4513553113553113
2025-07-24T06:10:37.583,8.837583600000471,-1.4416849816849817
2025-07-24T06:10:37.615,8.85019050000028,-1.423956043956044
2025-07-24T06:10:37.622,8.853702800000065,-1.4489377289377288
2025-07-24T06:10:37.634,8.861178000000109,-1.4416849816849817
2025-07-24T06:10:37.640,8.866900400000304,-1.4505494505494505
2025-07-24T06:10:37.667,8.882078900000124,-1.427985347985348
2025-07-24T06:10:37.667,8.886546499999895,-1.4578021978021978
2025-07-24T06:10:37.667,8.89646730000004,-1.4086446886446886
2025-07-24T06:10:37.667,8.901597199999742,-1.4457142857142857
2025-07-24T06:10:37.667,8.911189100000229,-1.4473260073260072
2025-07-24T06:10:37.667,8.917933900000207,-1.4328205128205127
2025-07-24T06:10:37.700,8.934226800000033,-1.431208791208791
2025-07-24T06:10:37.737,8.95780250000007,-1.49003663003663
2025-07-24T06:10:37.737,8.95879370000057,-1.4505494505494505
2025-07-24T06:10:37.737,8.958814200000234,-1.4384615384615385
2025-07-24T06:10:37.737,8.95887169999969,-1.427985347985348
2025-07-24T06:10:37.749,8.966769000000568,-1.4449084249084247
2025-07-24T06:10:37.749,8.979504400000224,-1.4376556776556777
2025-07-24T06:10:37.749,8.979931900000338,-1.4126739926739926
2025-07-24T06:10:37.749,8.989179100000001,-1.4287912087912087
2025-07-24T06:10:37.749,8.99879940000028,-1.435238095238095
2025-07-24T06:10:37.749,9.006163600000036,-1.4416849816849817
